Hour,Power_kW
0,0.8496714153011233
1,0.6861735698828815
2,0.6647688538100692
3,0.7523029856408026
4,0.6765846625276664
5,0.976586304305082
6,1.6579212815507391
7,2.076743472915291
8,1.753052561406505
9,1.4542560043585964
10,1.1536582307187537
11,1.0534270246429744
12,1.0241962271566034
13,0.9086719755342203
14,1.0275082167486966
15,1.3437712470759027
16,1.6987168879665577
17,2.531424733259527
18,2.909197592447879
19,3.3587696298664707
20,10.0
21,2.4774223699513462
22,1.8067528204687924
23,1.0575251813786544
