timestamp,voltage,current,power,energy
2026-09-29 10:25:34,225.9,3.11,702.55,0.703
2026-09-29 10:25:39,230.39,4.35,1002.2,1.002
2026-09-29 10:25:44,228.12,2.87,654.7,0.655
2026-09-29 10:25:49,226.94,4.02,912.3,0.912
2026-09-29 10:25:54,231.91,2.69,623.84,0.624
2026-09-29 10:25:59,229.97,3.11,715.21,0.715
2026-09-29 10:26:04,233.42,4.08,952.35,0.952
2026-09-29 10:26:09,225.64,2.93,661.13,0.661
2026-09-29 10:26:14,226.2,2.44,551.93,0.552
2026-09-29 10:26:19,234.45,2.06,482.97,0.483
2026-09-29 10:26:24,227.72,3.31,753.75,0.754
2026-09-29 10:26:29,229.03,4.93,1129.12,1.129
2026-09-29 10:26:34,226.73,2.95,668.85,0.669
2026-09-29 10:26:39,230.41,3.4,783.39,0.783
2026-09-29 10:26:44,225.81,1.22,275.49,0.275
2026-09-29 10:26:49,229.57,4.6,1056.02,1.056
2026-09-29 15:27:09,223.54,2.34,523.08,0.523
2026-09-29 15:27:11,224.25,1.89,423.83,0.424
2026-09-29 15:27:13,221.15,3.78,835.95,0.836
2026-09-29 15:27:15,236.65,4.46,1055.46,1.055
2026-09-29 15:27:17,220.83,4.93,1088.69,1.089
2026-09-29 15:27:19,222.55,1.78,396.14,0.396
2026-09-29 15:27:21,236.8,1.13,267.58,0.268
2026-09-29 15:27:23,237.73,3.37,801.15,0.801
2026-09-29 15:27:25,220.72,3.63,801.21,0.801
2026-09-29 15:27:27,221.38,2.79,617.65,0.618
2026-09-29 15:27:29,235.73,3.25,766.12,0.766
2026-09-29 15:27:31,228.35,3.72,849.46,0.849
2026-09-29 15:27:33,235.6,4.31,1015.44,1.015
2026-09-29 15:27:35,239.22,4.05,968.84,0.969
2026-09-29 15:27:37,237.28,2.22,526.76,0.527
2026-09-29 15:27:39,224.1,3.18,712.64,0.713
2026-09-29 15:27:41,228.68,4.12,942.16,0.942
2026-09-29 15:27:43,237.86,1.82,432.91,0.433
2026-09-29 15:27:45,225.39,2.11,475.57,0.476
2026-09-29 15:27:47,228.99,1.98,453.4,0.453
2026-09-29 15:27:49,235.6,4.24,998.94,0.999
2026-09-29 15:27:51,236.57,3.74,884.77,0.885
2026-09-29 15:27:53,223.52,3.09,690.68,0.691
2026-09-29 15:27:55,226.46,4.12,933.02,0.933
2026-09-29 15:27:57,231.82,2.46,570.28,0.57
2026-09-29 15:27:59,224.2,1.37,307.15,0.307
2026-09-29 15:28:01,233.11,2.51,585.11,0.585
2026-09-29 15:28:03,233.6,3.59,838.62,0.839
2026-09-29 15:28:05,235.01,4.07,956.49,0.956
2026-09-29 15:28:07,233.82,2.68,626.64,0.627
2026-09-29 15:28:09,227.27,3.42,777.26,0.777
2026-09-29 15:28:11,224.03,1.04,232.99,0.233
2026-09-29 15:28:13,239.47,2.62,627.41,0.627
2026-09-29 15:28:15,230.15,3.67,844.65,0.845
2026-09-29 15:28:17,230.23,2.54,584.78,0.585
2026-09-29 15:28:19,230.9,3.56,822.0,0.822
2026-09-29 15:28:21,229.55,3.76,863.11,0.863
2026-09-29 15:28:23,224.31,2.79,625.82,0.626
2026-09-29 15:28:25,238.5,1.16,276.66,0.277
2026-09-29 15:28:27,224.91,1.87,420.58,0.421
2026-09-29 15:28:29,220.64,1.61,355.23,0.355
2026-09-29 15:28:31,223.46,4.16,929.59,0.93
2026-09-29 15:28:33,229.99,3.18,731.37,0.731
2026-09-29 15:28:35,235.78,3.29,775.72,0.776
2026-09-29 15:28:37,221.99,4.61,1023.37,1.023
2026-09-29 15:28:39,224.91,3.46,778.19,0.778
2026-09-29 15:28:41,221.1,4.24,937.46,0.937
2026-09-29 15:28:43,222.59,3.46,770.16,0.77
2026-09-29 15:28:45,231.22,3.08,712.16,0.712
2026-09-29 15:28:47,230.48,3.25,749.06,0.749
2026-09-29 15:28:49,230.7,3.81,878.97,0.879
2026-09-29 15:28:51,226.77,1.85,419.52,0.42
2026-09-29 15:28:53,231.5,4.22,976.93,0.977
2026-09-29 15:28:55,225.96,3.8,858.65,0.859
2026-09-29 15:28:57,231.5,4.3,995.45,0.995
2026-09-29 15:28:59,234.31,3.97,930.21,0.93
2026-09-29 15:29:01,223.19,3.54,790.09,0.79
2026-09-29 15:29:03,220.75,1.25,275.94,0.276
2026-09-29 15:29:05,227.6,3.22,732.87,0.733
2026-09-29 15:29:07,225.07,3.27,735.98,0.736
2026-09-29 15:29:09,229.24,1.78,408.05,0.408
2026-09-29 15:29:11,227.76,3.57,813.1,0.813
2026-09-29 15:29:13,239.65,2.8,671.02,0.671
2026-09-29 15:29:15,236.6,2.73,645.92,0.646
2026-09-29 15:29:17,238.91,1.16,277.14,0.277
2026-09-29 15:29:19,230.81,3.64,840.15,0.84
2026-09-29 15:29:21,221.62,3.05,675.94,0.676
2026-09-29 15:29:23,231.27,3.24,749.31,0.749
2026-09-29 15:29:25,231.89,1.04,241.17,0.241
2026-09-29 15:29:27,228.18,1.24,282.94,0.283
2026-09-29 15:29:29,223.95,2.23,499.41,0.499
2026-09-29 15:29:31,238.2,1.33,316.81,0.317
2026-09-29 15:29:33,228.45,2.49,568.84,0.569
2026-09-29 15:29:35,220.1,3.67,807.77,0.808
2026-09-29 15:29:37,223.22,2.55,569.21,0.569
2026-09-29 15:29:39,231.69,4.48,1037.97,1.038
2026-09-29 15:29:41,236.48,3.47,820.59,0.821
2026-09-29 15:29:43,225.44,2.68,604.18,0.604
2026-09-29 15:29:45,238.56,2.96,706.14,0.706
2026-09-29 15:29:47,229.89,4.67,1073.59,1.074
2026-09-29 15:29:49,233.81,2.36,551.79,0.552
2026-09-29 15:29:51,229.53,1.12,257.07,0.257
2026-09-29 15:29:53,235.71,3.67,865.06,0.865
2026-09-29 15:29:55,237.44,2.99,709.95,0.71
2026-09-29 15:29:57,238.5,1.18,281.43,0.281
2026-09-29 15:29:59,229.02,4.78,1094.72,1.095
2026-09-29 15:30:01,222.5,4.33,963.43,0.963
2026-09-29 15:30:03,224.51,3.52,790.28,0.79
2026-09-29 15:30:05,238.23,2.03,483.61,0.484
2026-09-29 15:30:07,223.99,2.35,526.38,0.526
2026-09-29 15:30:09,238.47,2.32,553.25,0.553
2026-09-29 15:30:11,237.07,2.01,476.51,0.477
2026-09-29 15:30:13,234.45,2.75,644.74,0.645
2026-09-29 15:30:15,235.32,3.69,868.33,0.868
2026-09-29 15:30:17,224.22,4.94,1107.65,1.108
2026-09-29 15:30:19,229.29,1.13,259.1,0.259
2026-09-29 15:40:16,234.7,1.31,307.46,0.307
2026-09-29 15:40:18,230.64,4.15,957.16,0.957
2026-09-29 15:40:20,236.79,4.43,1048.98,1.049
2026-09-29 15:40:22,230.88,1.76,406.35,0.406
2026-09-29 15:40:24,224.36,3.14,704.49,0.704
2026-09-29 15:40:26,225.19,3.75,844.46,0.844
2026-09-29 15:40:28,230.61,4.84,1116.15,1.116
2026-09-29 15:40:30,232.98,4.02,936.58,0.937
2026-09-29 15:40:32,221.69,4.66,1033.08,1.033
2026-09-29 15:40:34,229.01,3.2,732.83,0.733
2026-09-29 15:40:36,224.59,2.29,514.31,0.514
2026-09-29 15:40:38,229.31,1.74,399.0,0.399
2026-09-29 15:40:40,223.5,4.58,1023.63,1.024
2026-09-29 15:40:42,224.22,4.93,1105.4,1.105
2026-09-29 15:40:44,224.5,2.66,597.17,0.597
2026-09-29 15:40:46,228.77,2.7,617.68,0.618
2026-09-29 15:40:48,225.54,3.76,848.03,0.848
2026-09-29 15:40:50,229.0,2.13,487.77,0.488
2026-09-29 15:40:52,235.73,1.35,318.24,0.318
2026-09-29 15:40:54,224.12,3.09,692.53,0.693
2026-09-29 15:40:56,223.7,1.61,360.16,0.36
2026-09-29 15:40:58,228.75,4.07,931.01,0.931
2026-09-29 15:41:00,221.31,1.01,223.52,0.224
2026-09-29 15:41:02,239.68,4.84,1160.05,1.16
2026-09-29 15:41:04,227.14,1.07,243.04,0.243
2026-09-29 15:41:06,220.13,3.89,856.31,0.856
2026-09-29 15:41:08,227.84,4.98,1134.64,1.135
2026-09-29 15:41:10,226.99,2.85,646.92,0.647
2026-09-29 15:41:12,236.61,2.97,702.73,0.703
2026-09-29 15:41:14,231.5,3.85,891.27,0.891
2026-09-29 15:41:16,234.64,2.64,619.45,0.619
2026-09-29 15:41:18,235.57,1.55,365.13,0.365
2026-09-29 15:41:20,229.35,4.61,1057.3,1.057
2026-09-29 15:41:22,232.15,3.0,696.45,0.696
2026-09-29 15:41:24,238.58,2.05,489.09,0.489
